Date,NSE_NO_OF_CONT,NSE_NO_OF_TRADE,NSE_NOTION_VAL,NSE_PR_VAL,BSE_TTL_TRADED_QTY,BSE_TTL_TRADED_VAL,BSE_AVG_TRADED_PRICE,BSE_NO_OF_TRADES,NSE_CAT_RETAIL_BUY_CR,NSE_CAT_RETAIL_SELL_CR,NSE_CAT_RETAIL_AVG_CR,NSE_EQ_RETAIL_BUY_CR,NSE_EQ_RETAIL_SELL_CR,NSE_EQ_RETAIL_AVG_CR,MRG_OUTSTANDING_BOD_LAKHS,MRG_FRESH_EXP_LAKHS,MRG_EXP_LIQ_LAKHS,MRG_NET_EOD_LAKHS
03-02-2025,64417836.00,30354297.00,103785890466240.44,425382404997.95,1004837680.00,77641372173.93,30339145.0292,15967305.00,47457.32,45307.44,46382.38,35476.62,33394.55,34435.59,7828247.65,438320.27,456261.05,7810306.87
04-02-2025,82149429.00,38732475.00,134770743216322.23,526779169199.75,4510455180.00,352095299244.87,37236920.6237,57379712.00,52763.04,58307.82,55535.43,35405.79,36175.71,35790.75,7810193.73,451494.46,467155.92,7794532.28
05-02-2025,92536727.00,37612533.00,155055765541874.16,431435652384.15,96103700.00,7569281049.65,28018579.2360,2109004.00,47078.34,45060.97,46069.65,35948.80,35143.30,35546.05,7794461.59,497483.18,466093.39,7825851.38
06-02-2025,201798615.00,60242646.00,349453003173425.69,439903213175.65,119330000.00,9360530184.09,29354781.7416,2526558.00,46071.31,40289.70,43180.50,34169.04,31999.71,33084.38,7825735.05,474592.96,395484.13,7904843.88
07-02-2025,69101496.00,34333344.00,112003452190760.59,497393891540.60,614084580.00,47990191164.91,30982892.6258,10888271.00,56018.72,55908.77,55963.74,33729.80,33030.17,33379.99,7820949.53,410491.08,421521.50,7809919.12
10-02-2025,59962887.00,28284442.00,97793537099018.41,365056065675.90,916299190.00,71169270541.81,32872690.0396,13978722.00,39122.09,36072.58,37597.33,28094.21,26618.42,27356.31,6766211.78,353972.74,344537.84,6775646.68
11-02-2025,84177308.00,37003441.00,137170932346144.25,437286304596.75,5588339830.00,428807244529.35,39663677.3345,60890995.00,45658.14,43757.75,44707.94,30196.26,29704.37,29950.31,7890125.07,382965.65,449509.70,7823581.02
12-02-2025,160335395.00,66816234.00,265093215764544.53,723394530544.55,245697940.00,18708733529.04,28208696.1439,5323764.00,63877.70,64855.21,64366.46,36273.50,37206.19,36739.85,7823545.70,371286.07,513757.20,7681074.57
13-02-2025,264241554.00,86579577.00,449187982699227.44,617970832967.45,202628790.00,15527712938.17,25801273.5026,4453110.00,49947.34,51641.08,50794.21,29729.50,29114.19,29421.85,7681004.60,365014.36,400685.52,7645333.45
14-02-2025,83199547.00,42907409.00,131615721440618.28,584672367700.80,725677320.00,55239015225.53,28812926.0581,13244441.00,54362.18,54040.54,54201.36,31853.47,30775.02,31314.25,7645301.23,371338.92,475270.52,7541369.64
17-02-2025,79308496.00,40088613.00,125567315374668.56,518070112538.55,1097228780.00,83377030273.54,33198880.7651,18926150.00,45360.64,45641.29,45500.96,28452.66,30156.13,29304.40,7541273.01,338706.37,472420.44,7407558.95
18-02-2025,72296005.00,35065346.00,114521613091769.75,419989429067.25,4888978280.00,371359461992.90,35518707.8612,54897956.00,39117.92,39345.60,39231.76,27693.69,28187.22,27940.46,7407494.20,336414.19,439253.57,7304654.83
19-02-2025,120088480.00,50657549.00,195377720039931.69,534567841936.70,163851520.00,12490995420.39,28701059.7402,3606328.00,49811.09,49013.54,49412.32,30974.81,31167.73,31071.27,7304618.75,368109.42,376591.22,7296136.95
20-02-2025,194486764.00,61071079.00,323872590606715.12,415378575232.66,136699400.00,10402216541.99,28706071.9035,2758748.00,42057.21,41330.62,41693.92,29766.03,29872.99,29819.51,7296122.58,388561.32,421280.24,7263403.66
21-02-2025,73278227.00,36628856.00,110748441847507.23,437644233199.75,448560280.00,33770777596.23,32759011.3568,7709527.00,54180.83,53607.86,53894.35,32968.07,30929.59,31948.83,7263314.70,417108.21,384870.94,7295551.97
25-02-2025,78963023.00,33742145.00,121021393820209.30,288460740914.30,4031137810.00,294869808617.48,41314422.4850,39720054.00,51022.76,51909.11,51465.93,25834.17,24962.77,25398.47,7282848.06,356391.30,346096.60,7293142.75
27-02-2025,232047003.00,70623401.00,358034172877077.88,388056953667.80,98972900.00,7410439033.99,23328554.7828,2036003.00,76948.84,81731.44,79340.14,29610.43,29016.20,29313.32,7293120.29,378628.02,406712.11,7265036.20
28-02-2025,68951052.00,33082776.00,108038536530610.70,480054974193.20,664234410.00,49065550038.47,27075865.9424,10733875.00,51138.25,48439.39,49788.82,35406.13,35348.68,35377.40,7265023.42,393825.14,526186.26,7132662.29
03-03-2025,76070097.00,35869977.00,119575124922570.84,461384793963.35,1437696290.00,105454549665.07,30487460.3289,20826926.00,46726.45,47785.28,47255.87,31889.26,34770.15,33329.71,7132660.42,371027.44,571757.69,6931930.17
04-03-2025,62247807.00,28387865.00,97470124409190.30,342830864567.80,5014230440.00,366016007360.82,33784506.8630,48058645.00,35842.01,36043.64,35942.82,30905.77,31665.39,31285.58,6931894.54,380296.43,435906.30,6876284.67
05-03-2025,122311429.00,48541868.00,196695631348036.16,536748587418.65,216280850.00,15992149924.50,25713274.0572,4374877.00,51093.46,51729.34,51411.40,34572.24,35316.99,34944.61,6876284.34,436192.11,468434.34,6844042.11
06-03-2025,290455643.00,87297600.00,481289355630958.38,650601965953.35,313896240.00,23227188578.35,28565259.7879,6105758.00,53118.20,55105.11,54111.65,34354.28,33452.49,33903.38,6844042.11,458110.77,436488.38,6865664.50
07-03-2025,71984413.00,34929195.00,114644419845339.30,469708631166.80,764594620.00,56888164248.21,28477215.1691,12602314.00,45877.50,45197.48,45537.49,33505.20,32446.47,32975.83,6865664.50,444415.70,414423.73,6895656.47
11-03-2025,79924478.00,38392911.00,126359042405323.25,418462848878.25,5441132410.00,402890456051.66,38822300.1802,50176837.00,41861.67,42329.96,42095.82,30184.27,31206.55,30695.41,6925823.81,384848.69,409058.90,6901613.60
12-03-2025,139879329.00,57403182.00,227152495933926.88,543261041831.85,250646510.00,18599937881.63,27878546.9570,5124194.00,48411.66,47615.24,48013.45,31421.51,30732.92,31077.21,6901614.45,408899.18,404848.96,6905664.67
13-03-2025,258881082.00,79024176.00,429494675664025.00,499685251797.46,285384490.00,21163898503.12,28753989.2674,5279936.00,39037.28,38820.11,38928.69,27288.23,26812.84,27050.53,6905664.67,376917.10,375236.41,6907345.36
17-03-2025,71644045.00,33039634.00,113108084646094.20,384544947746.70,1300434330.00,96478776628.64,31976725.7835,17561888.00,37060.98,38404.09,37732.54,26073.81,27620.81,26847.31,6907344.63,376272.16,412188.70,6871428.10
18-03-2025,83957566.00,36924299.00,132954037673226.56,411748937694.05,5589446690.00,419138951173.24,40290397.8922,55406588.00,44659.85,50233.08,47446.46,31354.05,35369.59,33361.82,6871428.10,423464.78,514379.52,6780513.36
19-03-2025,113660469.00,47654398.00,182627115030096.00,493555075996.00,169102260.00,12757786954.48,27377981.1057,3550135.00,51326.75,54136.01,52731.38,41011.78,41538.38,41275.08,6773917.46,540227.36,539667.66,6774477.17
20-03-2025,267093253.00,83393313.00,448227559303547.88,593091766397.85,254634610.00,19326270953.29,29550778.1331,4898009.00,57282.43,62426.29,59854.36,40366.10,40235.88,40300.99,6767352.63,551757.97,505729.44,6813381.17
24-03-2025,108954524.00,51979032.00,173074554915766.84,595603336801.85,1359053590.00,105020992040.23,40526487.4951,19424517.00,72773.68,74026.40,73400.04,43782.61,44992.40,44387.51,6792036.68,633098.36,607594.08,6817540.96
25-03-2025,106083272.00,52505477.00,170688777937686.31,559769564766.30,,,,,71348.02,70454.21,70901.12,39670.57,39363.44,39517.01,6817540.96,590281.88,528932.79,6878890.05
26-03-2025,160622834.00,68508449.00,263415972220376.69,653184395574.20,,,,,70957.40,68959.26,69958.33,34546.27,35281.55,34913.91,6878563.46,481225.24,484267.70,6875521.00
27-03-2025,329275938.00,104328293.00,543088304442391.81,571684925101.85,195322700.00,15207066031.10,31347966.7101,4133300.00,72590.97,72541.07,72566.02,38097.81,42557.73,40327.77,6875518.21,494183.78,564595.70,6805106.29
28-03-2025,71926961.00,35843419.00,119555684073323.84,514959219476.35,1143936310.00,88733365340.32,37692259.2036,17494913.00,55586.34,50855.85,53221.09,40654.98,41610.24,41132.61,6804396.23,556982.98,554426.32,6806952.88
01-04-2025,80954683.00,37577163.00,135066775007375.34,448019456722.85,5519209610.00,422297370363.94,47129818.2444,58218051.00,53969.59,50691.22,52330.41,31183.96,28090.33,29637.15,6806781.86,463937.69,366466.02,6904253.53
02-04-2025,112522899.00,45589927.00,189816076189520.09,497977218162.60,212940980.00,16328609522.55,33297763.1433,4368585.00,45240.41,47790.48,46515.45,29326.71,30106.12,29716.42,6904363.46,388223.85,442287.14,6850300.17
03-04-2025,218317875.00,62030285.00,372804516963162.75,445911661717.75,237338610.00,18121028469.13,34705262.9135,4200157.00,46312.72,42500.75,44406.74,38328.44,35036.61,36682.53,6850300.17,530051.31,489534.51,6890816.98
04-04-2025,81814112.00,40020285.00,131316034167405.00,534856430492.50,787663070.00,59657868247.91,35498045.1531,12588710.00,56823.10,53019.21,54921.15,40298.48,32334.44,36316.46,6890816.98,552543.13,454142.53,6989217.58
07-04-2025,91628792.00,52210207.00,143890698738250.91,1052441155415.90,1135762120.00,83579324106.22,39552221.3596,23340140.00,68911.42,72786.33,70848.88,34824.52,36549.75,35687.13,6989205.02,399038.34,587828.67,6800414.69
09-04-2025,222851273.00,69966832.00,368377302339070.62,567902297075.60,192705220.00,14262559255.23,33490328.1212,4011830.00,45758.75,43519.57,44639.16,27410.38,25164.91,26287.65,6763947.57,450417.22,372085.84,6842278.96
11-04-2025,62141770.00,36103888.00,97597343445722.66,578882056720.15,764861700.00,57464777005.12,40327131.3315,14869495.00,50749.32,52687.47,51718.40,30692.26,31709.21,31200.74,6841968.42,422485.15,483563.11,6780890.45
15-04-2025,60674916.00,29003359.00,95196104315632.56,353809630465.05,4080647100.00,312582125595.62,47551553.2428,38651395.00,41339.26,44550.55,42944.90,33677.81,37251.25,35464.53,6780890.45,497669.41,549011.63,6729548.23
16-04-2025,120499315.00,50277659.00,199511019745492.31,533478483497.30,197895200.00,15208534426.22,34905403.3320,4250095.00,54666.20,55001.35,54833.77,35906.65,36075.77,35991.21,6729544.03,528689.46,468285.92,6789947.57
17-04-2025,318773267.00,107222831.00,550468259384594.56,865613738489.55,345017620.00,26788335962.30,39143169.2341,7484515.00,74835.70,81098.11,77966.90,37076.71,39353.42,38215.07,6789934.60,513928.67,527034.82,6776828.45
22-04-2025,83342911.00,42832773.00,134586583146575.73,445259361345.75,5103817000.00,406175441749.73,55436114.8730,49901982.00,66354.65,66069.28,66211.96,42367.58,41452.55,41910.07,6764481.22,637421.80,542455.19,6859447.82
23-04-2025,160423984.00,73005091.00,270517936114062.12,674021226769.70,166685760.00,13369452056.23,35344498.8408,3954156.00,85538.72,86763.48,86151.10,44170.42,46749.89,45460.15,6859447.82,605509.56,609165.09,6855792.30
24-04-2025,281453059.00,89899801.00,482942262490568.88,501202390159.05,145021870.00,11649705796.22,38091101.1960,3142037.00,73720.85,73421.91,73571.38,40823.48,40459.94,40641.71,6855790.62,598487.71,504784.53,6949493.80
25-04-2025,85740450.00,46129601.00,146969766075157.81,744633716540.30,815594400.00,64681319610.98,48295345.1255,16448794.00,77171.89,77585.30,77378.60,42587.98,45202.23,43895.11,6949493.80,559458.06,541075.64,6967876.22
28-04-2025,77993457.00,38878841.00,134858535570853.44,524815128138.45,,,,,51858.85,55800.18,53829.52,33123.57,38487.44,35805.51,6967859.15,450956.76,538667.69,6880148.23
29-04-2025,82422428.00,36957005.00,143920777997329.91,427274172279.90,5631475250.00,445539414739.56,59270020.8800,57327283.00,47606.17,45974.91,46790.54,40483.79,41996.25,41240.02,6880148.21,538342.23,527237.99,6891252.45
30-04-2025,235278575.00,66616026.00,422550246547230.38,496542739630.35,155195520.00,12501834644.84,33097269.2550,3450035.00,46351.94,47719.21,47035.57,37522.89,38381.40,37952.15,6891251.35,503424.35,477055.38,6917620.32
02-05-2025,81068181.00,45191874.00,140959224351286.12,696805459581.15,897606000.00,72421419847.11,45656759.4259,18179293.00,66822.46,66176.01,66499.24,37277.07,38471.95,37874.51,6917270.28,464959.61,483816.17,6898413.72
05-05-2025,69372546.00,35007314.00,119815293045752.59,466375356992.60,1116767990.00,90170771863.99,49824129.4940,19582192.00,46826.66,47415.60,47121.13,36114.18,38911.89,37513.04,6898410.65,473027.01,507762.40,6863675.26
06-05-2025,63548640.00,29980739.00,108438273656294.69,357414948819.70,4941232100.00,398258699072.09,49787837.0001,43483885.00,43127.00,43553.73,43340.37,36622.28,36533.25,36577.76,6863667.57,529085.63,468127.62,6924625.58
07-05-2025,120516845.00,52612958.00,212172312756070.69,575534196765.70,176718190.00,14209225502.36,37223623.8502,4142314.00,55911.73,56063.06,55987.40,36619.48,41191.57,38905.53,6924620.78,446036.60,499823.82,6870833.57
09-05-2025,58826224.00,35137413.00,97767873699156.70,634572314221.70,565350260.00,44828589311.14,46787302.8745,12441188.00,60287.47,56487.40,58387.43,34631.71,37997.78,36314.74,6915093.06,413684.63,478354.70,6850422.98
12-05-2025,83447387.00,44445770.00,143180478519609.38,663015242546.85,1385892410.00,113506466596.37,50589913.3526,23173146.00,70111.36,72535.03,71323.19,43391.68,45809.08,44600.38,6850422.89,597021.81,608681.06,6838763.64
13-05-2025,87322001.00,46495531.00,153408008146479.56,671411781627.05,6273121800.00,511728779241.06,58616054.2657,80027424.00,70542.86,57303.51,63923.18,44797.79,43254.21,44026.00,6838648.87,662427.28,570092.11,6930984.04
14-05-2025,133882637.00,58881207.00,238075804711936.38,678790127563.45,217973410.00,17911534901.48,40837548.8073,5324369.00,60670.22,61686.36,61178.29,50583.12,50484.32,50533.72,6930973.98,687480.94,648698.10,6969756.82
15-05-2025,337367205.00,120838348.00,617552430510978.12,1041909404306.55,358956450.00,29395703681.91,44280807.7315,8451318.00,78644.09,84827.30,81735.69,49670.05,51156.77,50413.41,6969722.22,705449.59,678235.26,6996936.54
16-05-2025,55388180.00,30763056.00,92588227813073.44,474572699431.85,519124420.00,42753437700.59,45183431.2484,10368836.00,53332.36,49355.42,51343.89,64094.23,64439.34,64266.79,6996723.31,849687.45,766969.53,7079441.23
19-05-2025,58364393.00,30999646.00,97996324660481.16,451492727754.45,,,,,49532.60,47666.64,48599.62,54783.99,51876.39,53330.19,7078773.55,829349.95,659389.37,7248734.13
20-05-2025,77290022.00,38007157.00,132913948213517.64,485216277161.35,6231485680.00,508847694069.60,60035692.9676,61052895.00,56485.98,50428.43,53457.21,47975.76,43647.90,45811.83,7248733.78,741501.56,547569.46,7442665.88
21-05-2025,135416248.00,61343375.00,240952055048148.88,743701540106.30,244887350.00,20152980705.25,43917847.9793,5897882.00,65952.25,68903.78,67428.01,41801.81,43018.26,42410.04,7442661.25,582176.10,568682.71,7456154.64
22-05-2025,305256313.00,98898071.00,552387450252266.88,705859675377.25,236199180.00,19212300684.16,42351871.4863,5601993.00,64777.90,57682.26,61230.08,44591.75,42234.25,43413.00,7456153.35,626181.01,516944.50,7565389.86
23-05-2025,68397548.00,37196971.00,115004631066078.50,552019977340.65,624393740.00,51102295765.51,45432349.3495,12472259.00,59925.63,62961.71,61443.67,43281.30,45128.78,44205.04,7565389.67,596164.49,592592.17,7568961.99
26-05-2025,66183479.00,35867070.00,110793462313373.81,511667574777.30,1049656670.00,86037390899.24,53200119.8756,19942227.00,62288.08,62315.90,62301.99,42059.13,42292.62,42175.88,7568960.78,648591.64,627808.26,7589744.15
27-05-2025,85576253.00,46558623.00,147043155090234.62,657153951170.25,5979607150.00,485157031247.76,61081797.5998,79225563.00,80107.63,74465.49,77286.56,43890.12,41395.17,42642.65,7588929.73,695452.09,549276.00,7735105.81
28-05-2025,106021173.00,48821724.00,183613644719238.00,545477494775.25,130033260.00,10664093162.63,38921633.7211,3117021.00,68444.51,64071.56,66258.03,45089.04,43979.14,44534.09,7735911.12,661051.52,568839.84,7828122.81
29-05-2025,312675818.00,109943458.00,556058537620347.62,650338013963.10,194538010.00,15964654667.57,41916342.9550,4738240.00,82318.14,82160.85,82239.49,42617.27,43517.78,43067.52,7828122.14,643050.19,606383.60,7864788.74
30-05-2025,44557329.00,24258932.00,76942662517422.50,411060127726.75,505183440.00,41354381994.86,47796194.4728,9896376.00,48741.84,44889.48,46815.66,51224.09,50777.74,51000.91,7864788.21,726970.19,683047.44,7908710.97
02-06-2025,59054880.00,30195324.00,103671542101440.41,508379002976.10,1238157850.00,100978455655.34,54921104.2900,22377414.00,49251.10,48004.81,48627.96,44814.66,44894.83,44854.75,7905627.19,681309.76,620643.52,7966293.43
03-06-2025,70203370.00,35379566.00,124742568748945.84,518966477271.25,5429519980.00,440500443601.02,61082869.1730,66257610.00,51358.49,45566.53,48462.51,46110.67,42739.62,44425.15,7966275.64,722350.94,586831.58,8101795.01
04-06-2025,79501343.00,31426645.00,141714805683313.19,366358766572.65,131101250.00,10730228827.67,39930212.8683,2988298.00,36896.15,37107.45,37001.80,45239.42,46177.02,45708.22,8101794.76,646022.81,634536.75,8113280.81
05-06-2025,285386611.00,90295796.00,524104268913838.69,688707437436.15,257559810.00,21081080214.05,45786013.5453,5886157.00,55881.98,57813.73,56847.85,48339.77,49617.39,48978.58,8111940.94,740935.02,731155.06,8121720.90
06-06-2025,69856455.00,35829285.00,121310442888219.70,559243131203.10,748390430.00,61515209896.29,48386152.7222,13904382.00,65883.15,71103.67,68493.41,52265.73,55019.36,53642.54,8121695.79,1021670.37,1055384.17,8087981.99
09-06-2025,45355010.00,22397511.00,76601775703363.25,322780127393.25,797135630.00,65769117744.40,52260622.0458,12153255.00,43097.68,42890.77,42994.22,52164.08,50817.98,51491.03,8088860.01,805024.89,797590.03,8096294.87
10-06-2025,53934654.00,24441914.00,92902429704756.25,293708004259.80,5136014180.00,423346053428.13,56125090.9993,48650949.00,40495.80,38683.11,39589.46,48186.29,47756.37,47971.33,8096294.63,823808.19,730252.21,8189850.61
11-06-2025,104095682.00,41011845.00,186787681478288.56,450531639057.65,177960190.00,14781781584.14,40637997.8985,3914066.00,48770.39,49469.36,49119.88,55957.46,50351.62,53154.54,8189850.52,821895.82,727675.26,8284071.09
12-06-2025,307710619.00,92894387.00,568231001335749.12,683356562524.21,282599220.00,23287947701.67,41804514.9991,6362852.00,64084.53,58678.84,61381.68,45786.75,42041.74,43914.24,8284071.09,754051.52,605536.63,8432585.98
13-06-2025,58067417.00,31292160.00,98459569562933.31,454866513859.60,633437270.00,51424528234.06,43059643.0185,11900813.00,47523.70,46130.39,46827.04,40602.61,40638.79,40620.70,8432572.40,568983.89,606000.38,8395555.91
16-06-2025,67958275.00,33593920.00,117086101017143.05,431327926483.95,1184632710.00,96787058126.40,50599974.2623,19214419.00,46136.37,49517.54,47826.96,36383.93,37563.41,36973.67,8395551.10,562361.73,602989.08,8354923.75
17-06-2025,61016840.00,28452295.00,104805365419885.84,321085358731.10,5575984740.00,455064937115.27,55473796.2660,53251258.00,38358.08,35895.79,37126.94,38070.34,36908.16,37489.25,8354887.42,632106.16,584144.18,8402849.41
18-06-2025,109482844.00,44021001.00,193901886854173.38,486524780891.30,176667580.00,14454289108.34,38543460.5087,4191223.00,47905.24,46586.93,47246.09,35706.40,34707.86,35207.13,8402830.95,569609.65,518560.19,8453880.41
19-06-2025,274693974.00,72047975.00,500666511792389.75,443574434384.50,186468260.00,15194284666.46,38957033.4119,4301179.00,43134.65,43478.19,43306.42,35813.44,36517.17,36165.31,8453880.05,563200.89,579960.03,8437120.91
20-06-2025,73623735.00,37627974.00,123385978533135.14,481539135125.80,705171670.00,57932380023.47,46742278.1892,12950793.00,58207.65,62076.07,60141.86,38251.43,42334.40,40292.92,8437113.98,513081.49,632705.17,8317490.30
23-06-2025,81905998.00,39605897.00,138769945271512.92,480301752471.80,1115460510.00,91232633007.96,52077431.3514,19154028.00,69283.78,65675.87,67479.83,38725.33,39668.90,39197.12,8317489.51,594622.95,579875.75,8332236.71
24-06-2025,118702740.00,55705517.00,207708293237728.50,616064101250.90,7003445430.00,573877224854.93,61586108.9431,84961464.00,83553.40,81649.54,82601.47,42962.52,42979.71,42971.11,8332236.37,707590.09,651783.04,8388043.42
25-06-2025,122949669.00,49758857.00,216723393329547.44,501261489106.85,167565680.00,13911504898.97,40031227.0312,3955597.00,69359.09,71624.20,70491.64,41160.87,41268.74,41214.81,8378969.74,660928.91,609132.22,8430766.43
26-06-2025,374669838.00,125215354.00,685253939059631.50,876934459750.35,289455430.00,24157333687.14,43587318.1004,7536992.00,98251.74,104926.91,101589.33,41185.02,44543.60,42864.31,8420773.81,638092.47,639806.69,8419059.59
27-06-2025,51927272.00,24910878.00,93911785177034.41,406800943091.15,524858710.00,44018339166.85,45418787.2090,9886416.00,51781.64,51685.14,51733.39,46351.69,49068.09,47709.89,8408094.83,715056.69,728080.06,8395071.47
30-06-2025,63998970.00,28633293.00,118467981746510.70,408119288058.20,1071058450.00,89826731196.91,51391013.1969,16434056.00,49235.15,42345.45,45790.30,43742.46,45545.02,44643.74,8386200.77,720384.21,641999.82,8464585.16
01-07-2025,53076335.00,23095561.00,96861031598443.75,296188322474.25,5237697530.00,438535598655.98,54841291.9479,48283479.00,40028.90,37720.06,38874.48,42900.61,41011.90,41956.26,8455596.86,719851.66,629017.51,8546431.00
02-07-2025,108047418.00,40682464.00,201888773003149.66,470712163106.90,205566840.00,17249222294.56,42842184.4357,4598610.00,54269.24,50689.40,52479.32,41534.20,41885.74,41709.97,8538137.81,673604.02,589749.83,8621992.00
03-07-2025,318109449.00,93533357.00,604287885146392.75,672563284013.96,315178260.00,26415177658.74,41189083.6466,7078329.00,54665.36,52756.53,53710.94,38920.08,38248.92,38584.50,8613377.05,627704.56,580687.00,8660394.61
04-07-2025,56079858.00,27456397.00,102250297422863.45,394279572400.45,685583760.00,57244860681.43,46947563.9804,12003676.00,44344.72,43387.53,43866.12,41391.44,38472.76,39932.10,8651969.88,635377.32,609372.89,8677974.30
07-07-2025,49421960.00,22563710.00,90668793082320.34,291636925269.60,931956490.00,77915557791.04,46146164.6143,13793009.00,33283.59,32256.79,32770.19,31523.40,33044.48,32283.94,8671146.53,572463.68,536992.08,8706618.13
08-07-2025,50108951.00,22176965.00,90944558281803.09,275916209884.35,5517177440.00,461057600518.32,52482492.0066,50844181.00,35471.64,34097.91,34784.77,35645.42,36081.48,35863.45,8698649.63,579028.50,540247.41,8737430.72
09-07-2025,92909471.00,36141984.00,172793058133656.09,385089287170.10,187724480.00,15768083136.18,40731230.8749,4280398.00,40222.69,39419.86,39821.28,37800.13,38128.25,37964.19,8729737.66,610826.47,592270.44,8748293.69
10-07-2025,251471924.00,74569908.00,475516974743036.62,508269225310.85,245541950.00,20540117530.30,41648546.3852,5421090.00,45344.34,42048.64,43696.49,34758.29,34312.87,34535.58,8741591.40,588106.80,542404.01,8787294.19
11-07-2025,56818975.00,27801015.00,101650566231337.25,379848884216.25,733094230.00,60827342950.86,42958646.5374,12215037.00,44821.57,40856.43,42839.00,38331.75,36129.38,37230.57,8779675.25,608895.42,548371.32,8840199.35
14-07-2025,62212771.00,29702923.00,112180997318104.84,368894563410.60,1321648850.00,109040361610.30,46479375.0151,19042198.00,39471.78,37467.95,38469.86,35748.65,36972.37,36360.51,8831656.71,553986.82,562833.09,8822810.43
15-07-2025,69504896.00,30120478.00,125752595369085.50,337087850957.50,6634055950.00,548063838030.44,51369489.7813,63260077.00,39766.01,39319.43,39542.72,38567.57,39243.79,38905.68,8813161.23,653325.31,623370.34,8843116.19
16-07-2025,102216099.00,40542631.00,187261610405230.50,415248259977.50,225982380.00,18724621797.21,46153362.8483,5085100.00,43791.32,42304.22,43047.77,38955.45,38469.34,38712.40,8834914.67,661435.06,608525.55,8887824.18
17-07-2025,225420929.00,65274282.00,420290192916161.38,456067101673.10,239658570.00,19834446236.46,44339505.0913,5174552.00,44705.16,42353.26,43529.21,37932.85,36273.10,37102.97,8879309.93,661663.78,578687.93,8962285.77
18-07-2025,57791762.00,28240555.00,101943661953864.19,376234281136.45,722235950.00,59260011662.53,47557811.2488,12479623.00,45638.67,42113.37,43876.02,36939.21,35014.60,35976.90,8954962.79,631661.09,567820.87,9018803.00
21-07-2025,73512604.00,34474162.00,130849546281157.05,401352144133.30,1559142730.00,128052173394.25,56144921.3835,22563827.00,45130.23,46328.83,45729.53,35661.81,36994.53,36328.17,9011140.83,581015.66,590623.86,9001532.62
22-07-2025,65368135.00,29864955.00,115766568776164.59,311503683574.10,6603303990.00,543485191685.37,59011194.4781,62547411.00,38828.09,36550.54,37689.32,37784.12,37093.96,37439.04,8993956.92,639476.34,559997.72,9073435.54
23-07-2025,105578557.00,41728727.00,191354892592478.56,415499837424.55,235111130.00,19449215705.43,43971202.9286,5246155.00,45552.77,46148.19,45850.48,35622.64,36355.57,35989.10,9064920.96,593109.77,586103.40,9071927.33
24-07-2025,274746671.00,81491598.00,508910798386975.56,552505655170.55,311010070.00,25674255838.39,46783345.4526,6815656.00,54198.40,52072.03,53135.21,39525.05,38115.64,38820.35,9064066.74,658513.58,577626.89,9144953.43
25-07-2025,74243981.00,37302152.00,130177290565322.91,443856859909.15,910592110.00,74501059737.53,51644808.8692,15890915.00,54400.16,52443.64,53421.90,38328.93,35494.12,36911.53,9138965.86,636100.30,571460.97,9203605.18
28-07-2025,88360193.00,43132344.00,155955133709114.09,480320413956.35,1826762145.00,148299125394.66,56515472.8393,26930440.00,60646.48,59192.55,59919.52,33473.50,33984.62,33729.06,9195976.01,566475.66,582110.16,9180341.51
29-07-2025,82069167.00,38894600.00,144899994710985.88,399223153918.25,7055552280.00,568502024758.62,65286265.1707,71769806.00,58625.15,58981.24,58803.20,33574.35,34952.97,34263.66,9173262.78,524081.41,553282.70,9144061.48
30-07-2025,125638601.00,52880875.00,227656175988070.44,488316954884.90,238175980.00,19486718148.40,41372618.9590,5794866.00,66221.40,66117.91,66169.65,34344.11,34100.83,34222.47,9137964.47,569106.37,549815.64,9157255.20
31-07-2025,405503828.00,138985368.00,755468866531689.88,902554736422.85,371205840.00,30232690255.21,49591246.1998,9110939.00,102524.19,104483.94,103504.06,38352.98,37703.09,38028.04,9150157.48,602727.83,562014.30,9190871.01
01-08-2025,70436535.00,35551340.00,125524178243943.30,517652486722.35,1102821280.00,89541609080.76,48653078.4342,20437619.00,50993.09,48155.63,49574.36,37259.90,35493.17,36376.54,9184571.35,595138.63,569860.04,9209849.93
04-08-2025,64845779.00,31000256.00,115029302102579.80,423573849362.75,1658946450.00,134351585183.65,55966356.0548,25332594.00,39135.85,41982.27,40559.06,30524.99,32214.71,31369.85,9202163.10,519000.42,574229.12,9146934.41
05-08-2025,61187193.00,28012415.00,108668675365059.75,339553008669.00,6974806410.00,563514409191.26,52884737.3913,66598025.00,36604.04,32685.64,34644.84,32926.16,31766.07,32346.12,9141655.77,541675.58,506750.20,9176581.15
06-08-2025,110549610.00,44559377.00,199232583914998.34,471153610533.65,273987090.00,22182782882.29,43995432.7474,6451254.00,41985.53,41251.70,41618.61,32802.76,33505.25,33154.01,9169862.76,527259.01,531437.78,9165683.99
07-08-2025,336280805.00,96570318.00,612603069655713.12,697738376847.15,413649080.00,33309683096.48,47109141.3595,9136317.00,56592.47,55651.85,56122.16,32401.61,33325.20,32863.40,9159391.26,506481.62,541771.74,9124101.14
08-08-2025,68756525.00,33573186.00,120900609377790.50,451130721031.70,1122047945.00,90147949393.26,46096453.6231,19783173.00,45246.32,41254.85,43250.58,33551.71,31221.20,32386.46,9119195.74,573594.65,502212.20,9190578.20
11-08-2025,71330482.00,33843023.00,125213528514360.20,426037477968.20,1788951130.00,143695222064.03,52652894.2505,26611035.00,37977.02,41489.30,39733.16,28212.47,30362.86,29287.67,9183791.13,488422.68,557234.89,9114978.92
12-08-2025,93779941.00,40654661.00,167643621880721.06,444298397365.25,8628420860.00,695345020971.60,55835418.6403,86063339.00,42402.20,41318.19,41860.19,30218.27,28927.62,29572.94,9109550.74,538176.54,509056.45,9138670.84
13-08-2025,126472482.00,49138589.00,227848712055006.19,518430805267.75,320155920.00,25872443120.89,36966231.7733,7270123.00,44951.90,46867.09,45909.50,32920.04,34290.34,33605.19,9130223.33,547125.95,567045.37,9110303.92
14-08-2025,254227220.00,74917196.00,464446571242771.50,519045039558.90,307037140.00,24820609127.57,40747107.6415,6557791.00,40908.97,39838.79,40373.88,30609.17,30100.94,30355.06,9103874.06,529462.45,496567.40,9136769.11
18-08-2025,72787355.00,34973581.00,126648287215619.06,453485500044.15,1656201310.00,135190582165.30,46105518.3512,23518199.00,47820.24,52187.55,50003.90,33155.67,37128.64,35142.15,9126011.70,590005.82,670417.13,9045600.39
19-08-2025,68794868.00,30615209.00,120509821468204.20,330119678053.00,7129461040.00,581873342437.20,49281603.2475,68736112.00,38014.67,38720.99,38367.83,33779.63,34841.57,34310.60,9037059.07,602889.08,580813.19,9059134.96
20-08-2025,107956039.00,42752295.00,193335636602366.56,434610287492.15,235717870.00,19317782426.07,44362114.1637,5207249.00,46229.92,45336.94,45783.43,38332.53,38222.28,38277.40,9050346.62,652036.35,590638.91,9111744.05
21-08-2025,265993108.00,78847157.00,492123295651140.19,534894865066.30,291074000.00,23914233605.64,42615338.9870,5867618.00,48499.61,48658.37,48578.99,38226.31,36474.39,37350.35,9103224.50,652254.47,551146.06,9204332.91
22-08-2025,68417716.00,33438333.00,120112603807138.30,384713374710.20,833893710.00,68143669598.35,50647217.0357,13688161.00,52877.33,49719.35,51298.34,32356.27,31917.58,32136.93,9196886.59,596951.78,500512.69,9293325.69
25-08-2025,77033601.00,34407730.00,135854483217015.20,354709061381.15,1491148190.00,121580413733.32,51236137.2945,20152334.00,54687.15,56796.73,55741.94,30712.03,31339.64,31025.83,8406467.81,539070.08,531772.42,8413765.47
26-08-2025,97992363.00,42301188.00,174075838774092.19,398068818210.90,6785967350.00,547113915670.11,58047145.9909,69353554.00,69003.74,65260.58,67132.16,35552.67,33500.49,34526.58,9284235.67,613465.42,534866.57,9362834.53
28-08-2025,359852735.00,121014077.00,660381707764813.00,780561470929.20,214525010.00,17333742136.74,46815074.1598,5442752.00,100930.15,99944.61,100437.38,32194.55,30302.23,31248.39,9355782.84,569034.84,497937.75,9426879.93
01-09-2025,117371799.00,42011471.00,212229315866681.94,442228216904.35,408764530.00,32895725136.91,50801234.1294,7622548.00,39482.34,41183.17,40332.75,32351.01,33873.17,33112.09,7853857.57,517282.34,538252.58,7832887.33
02-09-2025,365679588.00,103837367.00,671513025375083.50,743210537933.35,632535990.00,51003784463.35,50474133.3244,11196268.00,57452.23,56139.09,56795.66,36604.18,36235.00,36419.59,9239091.38,736138.84,587315.46,9387914.76
03-09-2025,67322251.00,30938823.00,120113445354630.66,426839366909.25,2472058840.00,198768810828.11,52792183.4607,31698987.00,41845.51,41124.65,41485.08,37534.72,38459.61,37997.17,9378524.44,598107.69,572882.95,9403749.18
04-09-2025,81290039.00,36031594.00,146025364254850.44,449008981797.05,8930133780.00,722908139590.89,58387002.2629,95275676.00,45884.71,44417.62,45151.17,37796.66,36714.35,37255.51,9365835.79,709247.63,597064.44,9478018.98
05-09-2025,132401109.00,52818419.00,240962327957787.59,584603470385.30,476901830.00,38589327073.72,41706553.8484,10816273.00,48567.77,49144.34,48856.05,33480.44,33523.40,33501.92,9472097.21,559313.94,511687.92,9519723.22
08-09-2025,144457915.00,54284025.00,264001781638116.59,522045027502.80,478214000.00,38790054409.22,46823126.6257,9396885.00,45298.69,45735.32,45517.01,32850.36,32585.11,32717.74,9514388.23,575821.18,504370.53,9585838.88
09-09-2025,276741179.00,78729548.00,510998319336363.50,567059412884.45,474643440.00,38535836955.35,42847180.5159,8520224.00,41964.32,40944.41,41454.37,29612.14,30848.26,30230.20,9574089.12,536212.01,541640.97,9568660.16
10-09-2025,60368133.00,28130104.00,106541881340566.20,392768363773.40,1926802950.00,157139719094.80,47976737.5086,24919132.00,43419.56,45700.00,44559.78,36912.45,38856.07,37884.26,9555804.59,643858.18,707658.34,9492004.43
11-09-2025,49630213.00,22486522.00,86476677381908.95,282221253191.65,6385785490.00,520690037375.86,51881786.7298,54691549.00,34137.00,32908.37,33522.68,37994.93,37604.15,37799.54,9481304.83,665099.37,622514.74,9523889.46
12-09-2025,75513906.00,29945147.00,135139386749707.00,356163918728.20,262159810.00,21516540645.51,37896337.0472,5036401.00,38285.05,40185.55,39235.30,37865.33,39120.74,38493.04,9511688.51,668676.53,676754.99,9503610.05
15-09-2025,99309369.00,34654121.00,180428021446070.81,352672026890.10,319174130.00,26186542237.97,38823110.3224,5921489.00,36442.93,34364.17,35403.55,36421.86,36259.37,36340.62,9489319.16,697620.57,628569.05,9558370.68
16-09-2025,252929752.00,69217272.00,470475824502926.38,499170365812.55,469720840.00,38617214552.47,42623664.7813,7478385.00,45099.71,47281.16,46190.43,36865.28,37757.41,37311.35,9547685.01,668299.48,652564.92,9563419.57
17-09-2025,53449181.00,25632297.00,92461429737334.05,336533222024.05,1508619610.00,124820498348.63,48657277.7272,18733899.00,43030.54,44384.45,43707.49,40819.23,41448.71,41133.97,9557271.75,747839.02,706150.17,9598960.59
18-09-2025,63936891.00,30102701.00,113736695471415.09,326229861065.90,7062206175.00,585768699638.34,53692680.0645,60226414.00,42229.07,43596.94,42913.01,38116.14,38396.09,38256.11,9598960.37,720849.05,678603.24,9641206.19
19-09-2025,103020146.00,44964675.00,187155116044586.84,452045787543.25,349755690.00,29005035605.16,36378634.2075,7010745.00,51816.75,49018.18,50417.46,43258.18,44496.06,43877.12,9641206.19,712492.11,719895.22,9633803.07
22-09-2025,141922647.00,51153715.00,259065902482366.19,486626970973.00,480232185.00,39681476223.70,39001750.1118,8985233.00,52504.00,52123.32,52313.66,43232.20,41497.39,42364.79,9622766.54,780773.66,648052.11,9755488.09
23-09-2025,335843878.00,99404483.00,625366196459271.38,693165131827.25,610307480.00,50270442663.87,44144698.1150,11393833.00,60509.11,59302.82,59905.97,39947.37,38802.14,39374.76,9755488.09,687177.94,620701.54,9821964.49
24-09-2025,71342994.00,34366877.00,124932092548782.09,403501459716.90,2264150230.00,185174398220.18,46616003.6782,29233326.00,52309.46,49326.58,50818.02,37747.64,35071.53,36409.58,9821964.49,683242.79,594449.38,9910757.91
25-09-2025,74436719.00,34960555.00,130090979830173.25,372627599569.25,7705462060.00,625011609838.55,57430224.4482,68740758.00,54392.32,51992.23,53192.28,33732.21,34167.52,33949.86,9910757.17,632225.69,585238.59,9957744.27
26-09-2025,131639349.00,55321945.00,233460195355212.50,596144160077.10,394239450.00,31985128108.83,43985411.5227,8143371.00,70630.87,68407.77,69519.32,34430.08,33274.06,33852.07,9957743.58,639244.02,634217.25,9962770.35
29-09-2025,191359202.00,72544386.00,346623134916067.25,681287206516.65,548749040.00,44360529779.65,40929924.5818,10800929.00,75861.53,77303.59,76582.56,32106.16,32862.17,32484.17,9962770.35,620609.43,646610.22,9936769.56
30-09-2025,355192044.00,109721238.00,654131640801204.25,739379395972.50,621358870.00,50143360111.04,40881331.9030,11111092.00,78377.09,78441.06,78409.07,33122.64,32535.38,32829.01,9936752.78,618962.19,611119.64,9944595.32
01-10-2025,68891415.00,31287163.00,122681467207592.95,421636242847.95,8241831720.00,665963447782.01,54990513.9047,73811471.00,46936.59,46570.25,46753.42,35907.97,36876.60,36392.29,9944495.80,1038942.82,342506.99,10640931.62
03-10-2025,106736232.00,41105043.00,193823501928909.16,486286459846.65,418349590.00,34003463319.60,39891661.2994,8371372.00,46698.34,43278.84,44988.59,41928.15,40440.91,41184.53,10640891.26,355401.29,354136.45,10642156.10
06-10-2025,154309777.00,51020101.00,283340544888601.12,520351570971.10,528461670.00,43167846570.16,44307896.9833,9731817.00,46669.78,48742.91,47706.35,35022.96,36517.23,35770.10,10642156.10,373779.46,331405.39,10684530.17
07-10-2025,353740534.00,96983239.00,661494752624527.38,711079905322.40,774890410.00,63628576682.97,45069801.0673,12596210.00,55422.21,57304.10,56363.15,36382.20,36760.53,36571.36,10684529.75,373268.70,341308.94,10716489.50
08-10-2025,86234723.00,37481648.00,156557277880465.69,488946371263.20,3092344600.00,253638201101.00,49206847.0308,38483477.00,48808.33,46394.04,47601.18,35167.39,33731.87,34449.63,10716487.52,374360.53,288588.59,10802259.45
09-10-2025,75901974.00,33515745.00,136732379695759.20,405045479634.20,8997033500.00,738229462772.06,51496151.4794,81861095.00,40933.47,42844.68,41889.07,34923.27,36560.86,35742.07,10802256.35,311469.58,333006.92,10780719.01
10-10-2025,108770549.00,42907623.00,198268817781686.66,522985519684.15,430914490.00,35650286501.42,46461141.3012,8519139.00,50810.11,52701.28,51755.69,36460.73,37435.71,36948.22,10780688.86,380976.95,391153.53,10770512.29
13-10-2025,144589630.00,51744222.00,267164630587262.50,555096481620.00,526836020.00,43418876181.54,44275527.4777,10219127.00,48617.34,45594.86,47106.10,35925.02,36933.30,36429.16,10769429.72,354750.64,325028.41,10799151.95
14-10-2025,369483961.00,106643769.00,691098575828703.75,796903652961.25,709696780.00,58428689574.74,44635743.7499,13590851.00,60773.79,58827.82,59800.80,43346.67,43218.22,43282.44,10799153.72,436949.78,300951.06,10935152.43
15-10-2025,71682802.00,32786628.00,128313500944462.75,434344406997.75,2250964305.00,185846369615.22,48599443.9288,28141020.00,46471.01,49923.42,48197.22,35956.30,38452.09,37204.19,10935150.29,376387.47,404767.94,10906769.82
16-10-2025,78962014.00,35210244.00,142046479698929.69,436803460284.70,7761603830.00,645965765898.93,55718172.6510,73857404.00,48483.48,53675.42,51079.45,39492.05,41983.96,40738.01,10905235.87,421582.50,438114.30,10888704.07
17-10-2025,172488904.00,68774372.00,321875914788910.12,812690960072.65,608797700.00,51187379295.41,46076832.8685,13450142.00,69967.98,71617.79,70792.89,40696.70,41110.05,40903.38,10885625.51,465737.91,444161.93,10907201.48
20-10-2025,339589184.00,102216478.00,648506695990362.50,757640395147.45,629735820.00,53193525276.25,45767373.4770,12685498.00,64290.37,65896.05,65093.21,35307.98,38291.84,36799.91,10907204.56,381396.56,446537.99,10842063.12
21-10-2025,14720876.00,7251889.00,27065375068144.80,77760166862.30,329052500.00,27811868419.05,40905496.5993,4949991.00,11003.29,11978.84,11491.07,12172.91,10862.24,11517.58,10842063.12,146445.18,102926.37,10885581.93
23-10-2025,87436766.00,43099349.00,158200268628768.50,509741953568.50,8773959090.00,745610935601.50,62041822.4237,87000591.00,73970.56,76069.99,75020.28,36751.11,39363.49,38057.30,10885342.42,434800.76,493299.23,10826843.94
27-10-2025,,,,,406316970.00,34527030100.43,44300428.3336,8967541.00,87414.89,90216.85,88815.87,35697.05,37684.30,36690.68,10895126.48,365228.26,434965.23,10825389.52
28-10-2025,415677120.00,138068381.00,806583159301926.75,982510899401.75,520104110.00,44152287490.88,46739468.2769,11545991.00,108365.46,104359.47,106362.46,40165.55,39049.58,39607.57,10825231.72,451205.81,368155.16,10908282.36
29-10-2025,59277130.00,30210682.00,109045948015811.91,485269919391.90,1944089780.00,164882163032.52,53151887.0952,27619604.00,54632.31,55824.42,55228.36,41537.16,44549.12,43043.14,10908270.89,426299.04,484690.94,10849878.99
30-10-2025,62386690.00,30291149.00,116143067077395.64,426817996723.15,8079237740.00,681100031067.32,67589367.2701,74447293.00,50181.55,44020.39,47100.97,39996.06,38656.30,39326.18,10849852.14,447413.28,334594.38,10962671.05
03-11-2025,136731574.00,50983032.00,258612175323560.81,585889333883.30,497518800.00,41970239762.96,51736803.3826,10361242.00,52343.33,50789.46,51566.40,37275.04,38041.37,37658.21,10997397.30,408430.33,377984.80,11027842.83
04-11-2025,288546441.00,83039404.00,550611992963905.12,630441949030.10,610439200.00,51396358076.45,47624510.7613,11012572.00,54569.99,49799.94,52184.96,38160.77,35983.13,37071.95,11029700.40,425319.86,321856.00,11133164.26
06-11-2025,65675525.00,30444427.00,119479454899103.84,398958930518.85,8968652090.00,749329571926.16,58875375.1753,77416552.00,44041.22,42993.31,43517.26,37289.88,36814.07,37051.97,11133169.29,394813.65,334875.64,11193107.31
07-11-2025,126457952.00,50669139.00,234185185293042.84,639593376027.84,447718890.00,37334060996.71,45202943.5177,9814440.00,60713.82,58990.51,59852.17,38748.41,40190.11,39469.26,11193107.13,326354.27,376688.64,11142772.76
10-11-2025,131609440.00,47352095.00,245359510385094.62,515548011404.61,405744330.00,33971865820.29,44489842.2950,8278267.00,45513.22,45778.82,45646.02,37799.91,38392.67,38096.29,11140282.85,373545.35,362414.97,11151413.23
11-11-2025,348056735.00,100552843.00,660956826666494.62,775823973424.61,588351320.00,49236417471.21,47087718.4584,11047886.00,63373.79,63119.03,63246.41,37748.44,38829.88,38289.16,11151362.26,344881.75,377117.24,11119126.78
12-11-2025,56508202.00,28852826.00,99473000181136.06,411813170288.56,1935420030.00,163427404870.95,50698383.7157,26354401.00,47537.75,52787.27,50162.51,42120.66,45121.72,43621.19,11119126.63,416532.51,472536.04,11063123.10
13-11-2025,66134741.00,33126497.00,119285451661145.94,438312723678.43,9709196480.00,821445227130.20,56177547.5985,88727443.00,49003.88,51135.61,50069.74,42488.79,42226.39,42357.59,11063122.75,441752.21,392628.24,11112246.72
14-11-2025,131903806.00,59562493.00,247266655814764.25,727022281404.26,441574350.00,37389002631.86,39989842.2954,10351286.00,65558.61,61719.57,63639.09,38785.59,39012.95,38899.27,11112246.50,373311.54,344092.90,11141465.14
17-11-2025,125370275.00,48896139.00,235118132357601.53,525716585214.69,374424190.00,31818773369.06,43446763.6776,8021018.00,49683.30,51064.00,50373.65,38493.29,39888.38,39190.83,11141465.14,429648.96,420531.64,11150582.46
18-11-2025,296035676.00,87580196.00,567449723143791.38,673545817210.09,496342240.00,42145498736.03,43963557.4610,9744520.00,59546.32,56724.95,58135.63,38482.80,36758.93,37620.87,11150565.45,369637.43,249980.93,11270221.96
19-11-2025,64861760.00,33120691.00,115136508913952.28,437408623147.39,1871046700.00,158959947214.30,51206101.8023,25734562.00,52661.92,54191.48,53426.70,36350.58,38771.75,37561.17,11270084.89,303670.48,353042.00,11220713.38
20-11-2025,65411567.00,31799436.00,116463097705728.11,376627527516.56,7551111530.00,645556478238.51,60660689.6199,67385352.00,55959.69,59752.92,57856.31,36360.89,36723.07,36541.98,11220852.01,365918.28,346336.72,11240433.57
21-11-2025,113582222.00,51537026.00,210995099688186.38,603641675161.06,327502630.00,28068773717.81,43993856.8742,7390947.00,77074.31,75570.64,76322.48,33152.42,32554.74,32853.58,11240433.47,329204.90,250312.29,11319326.09
24-11-2025,144575801.00,60594155.00,274080763488152.22,592912751260.38,374516960.00,32037586460.22,44503445.5717,8051233.00,80000.70,81155.87,80578.29,31130.78,32524.34,31827.56,11319316.71,269831.81,309922.74,11279225.79
25-11-2025,352509755.00,113483028.00,687898967722258.00,754198629482.94,501031400.00,42723236239.37,51076416.5298,10355093.00,93101.35,94255.78,93678.57,28503.72,29186.49,28845.11,11279225.63,246197.48,244707.06,11280716.05
26-11-2025,57385007.00,27765222.00,107655442759101.75,411709254036.69,2055500500.00,175003824503.90,51440818.4510,26311422.00,46920.08,50767.65,48843.87,31561.46,34970.69,33266.07,11280714.72,269216.09,364766.12,11185164.69
27-11-2025,65273656.00,30501277.00,123982882912370.78,410750157991.78,9285055280.00,792191929874.84,66876928.9693,86469635.00,45337.00,42293.85,43815.43,31629.41,31635.79,31632.60,11185164.69,330385.58,270473.02,11245077.25
28-11-2025,85633864.00,35879172.00,164209134612688.44,459100084271.23,347669160.00,29947145690.96,42075824.1911,7808152.00,41149.36,39789.64,40469.50,30513.45,31149.02,30831.24,11245077.09,274383.60,263860.55,11255600.13
01-12-2025,142155411.00,52236885.00,274975624272615.97,579626434582.21,504813020.00,43433530971.62,42419448.8203,10174178.00,50609.12,49509.54,50059.33,32726.80,33254.89,32990.85,11255594.13,310002.65,309897.20,11255699.58
02-12-2025,291845868.00,84967753.00,567508170245750.38,635645556879.38,520696630.00,44623305730.63,47965905.7966,9687762.00,51091.02,47022.80,49056.91,31293.26,30683.89,30988.57,11255692.95,286791.42,242084.00,11300400.37
03-12-2025,57276483.00,27498078.00,106424037704178.31,389232703351.02,2342928760.00,199562882787.02,50909456.6209,29866492.00,46266.35,41357.23,43811.79,32142.98,32026.90,32084.94,11300400.37,296432.15,269314.74,11327517.78
04-12-2025,59864968.00,28073183.00,111796052369383.34,360623957860.44,9450346010.00,805570913993.77,56043263.3717,81725740.00,38792.38,39661.05,39226.71,29854.25,31256.55,30555.40,11327517.78,251467.13,284559.56,11294425.35
05-12-2025,118274684.00,49292783.00,224719945623261.88,576860400891.97,488663230.00,41946889247.84,42226354.5466,10655051.00,52663.44,55390.57,54027.01,30293.59,32038.60,31166.10,11294420.20,253808.00,324695.97,11223532.23
08-12-2025,167114987.00,60878798.00,319526855427870.44,636763270143.78,566456330.00,48460044642.43,50872132.2422,11774825.00,58104.03,55835.14,56969.58,33736.47,33212.60,33474.54,11223532.18,329602.89,341012.74,11212122.34
09-12-2025,376164789.00,112869765.00,723982769051014.62,838294345335.19,726194120.00,61783609003.34,48134774.8902,13712533.00,61564.03,60705.58,61134.81,34984.52,36402.19,35693.35,11212122.33,242512.12,309321.94,11145312.51
10-12-2025,73861069.00,35922518.00,136895646470498.17,484116898611.02,2745791110.00,232914234749.72,45740187.8854,35670736.00,45105.00,43465.82,44285.41,34122.14,32873.66,33497.90,11143564.22,271745.87,212282.38,11203027.70
11-12-2025,76585133.00,36434204.00,142195394509862.91,451638654172.11,9478710620.00,802879301828.95,56570784.9919,89773365.00,41438.97,43492.94,42465.96,29739.45,31545.68,30642.57,11203027.70,202837.03,236426.67,11169438.07
12-12-2025,108259332.00,45485281.00,203688400906944.38,542503321631.01,445991280.00,38106049579.54,40728962.6442,9088027.00,49743.43,50369.83,50056.63,31990.82,33957.25,32974.04,11169437.99,253195.00,323059.83,11099573.16
15-12-2025,140755032.00,52538590.00,268023789033579.56,536629595663.22,495377190.00,42245627818.45,42128988.5790,9657453.00,46671.85,44772.31,45722.08,32171.18,31696.63,31933.90,11098507.86,259471.56,240085.30,11117894.12
16-12-2025,273603204.00,79214972.00,525572362043348.12,586124834047.01,547658540.00,46610604311.44,44244134.6002,9676085.00,48762.71,46140.66,47451.68,30910.58,29247.78,30079.18,11117893.76,292214.15,198072.39,11212035.52
17-12-2025,56316776.00,27824622.00,102609483292645.80,361664363462.05,2227815240.00,188903683913.93,47234546.5696,28111890.00,36842.34,35766.80,36304.57,31911.42,32044.89,31978.15,11212035.05,273903.42,231698.69,11254239.78
18-12-2025,66758431.00,31674387.00,121258920563764.50,373024705867.90,8767981740.00,741784940562.62,53882296.7593,79046508.00,39686.80,40490.57,40088.68,32156.64,33821.22,32988.93,11254239.00,217476.26,266783.93,11204931.32
19-12-2025,95661934.00,39702339.00,175822533380181.03,462570004681.67,427513750.00,36395293957.88,39646576.7462,8164988.00,45820.21,49013.83,47417.02,34736.25,40301.95,37519.10,11204931.09,234623.87,324131.17,11115423.79
22-12-2025,96063617.00,36330037.00,175542339848614.31,379730447228.30,433018800.00,36964635149.84,42011899.9563,7326237.00,43778.95,45577.04,44677.99,36819.70,38785.79,37802.74,11115423.79,352836.19,380220.53,11088039.44
23-12-2025,260803880.00,75959610.00,500656667546370.69,519469544122.33,726827940.00,62104435508.23,44778746.3692,11510039.00,48306.61,49066.88,48686.74,36955.31,36621.15,36788.23,11088021.09,364619.49,308018.04,11144622.54
24-12-2025,57993036.00,28650413.00,101158838131516.53,294196865421.49,7169069000.00,609967696857.14,55078997.3559,62919218.00,48474.43,47292.46,47883.44,37373.17,36590.43,36981.80,11138938.09,410027.89,312890.51,11236075.46
26-12-2025,82327817.00,35789157.00,147808212173658.06,346807152769.39,314436570.00,26883902945.69,36934754.0014,6172633.00,55640.48,52864.47,54252.48,37964.33,36650.11,37307.22,11236025.27,361748.40,304323.04,11293450.63
29-12-2025,130665280.00,50877088.00,242028789345435.84,439982264973.51,455885080.00,38837875856.28,37574972.3935,8101800.00,68555.97,66796.36,67676.17,43855.07,43265.67,43560.37,11293450.20,428893.21,315296.16,11407047.25
30-12-2025,341469130.00,106955155.00,660344140425075.50,647848512508.32,583833190.00,49625235929.60,47520957.9749,10999495.00,84538.64,85784.16,85161.40,37583.86,36833.56,37208.71,11407047.25,317277.64,298753.21,11425571.68
31-12-2025,,,,,2523249270.00,214884252259.12,42903461.4069,29879867.00,42923.38,45644.17,44283.77,40069.05,41689.68,40879.37,11425570.37,349659.49,385361.19,11389868.67
01-01-2026,54765232.00,23425951.00,88754945222540.84,252693487335.25,8443298970.00,720212298780.48,50188027.9348,71206234.00,33344.14,31079.24,32211.69,35746.37,33451.52,34598.94,11389863.57,362744.16,298233.81,11454373.92
02-01-2026,99019148.00,36474154.00,162313885405059.31,402189463998.85,385769740.00,33089400177.16,41635042.4055,7017549.00,46505.38,49695.72,48100.55,43509.79,44393.45,43951.62,11454373.37,421525.52,521305.16,11354593.73
05-01-2026,180887619.00,63658331.00,302624953684064.38,568133545594.30,708224690.00,60738359880.84,44527895.2037,13358717.00,54110.86,53168.78,53639.82,40171.17,40522.24,40346.71,11354593.60,487444.11,430435.37,11411602.34
06-01-2026,345888243.00,93644524.00,582016464381725.25,636579913562.75,773021710.00,66043187948.42,43397399.3880,12877674.00,56194.03,54152.25,55173.14,40015.01,38520.55,39267.78,11411600.82,471194.49,383254.56,11499540.75
07-01-2026,77110679.00,34363931.00,124175254039700.39,411235101937.00,2860191760.00,243367757892.41,44123242.8825,33907329.00,46538.52,44668.22,45603.37,38275.37,38095.17,38185.27,11499539.88,417666.75,372184.59,11545022.03
08-01-2026,91255515.00,39396410.00,147518882706949.19,424397759488.10,9447951410.00,798919953948.15,56218888.1652,83647699.00,50638.89,47849.71,49244.30,39351.00,38330.36,38840.68,11545022.03,452712.32,379395.54,11618338.81
09-01-2026,155918816.00,61715488.00,255214252927790.59,672623001500.50,613619630.00,51629617255.48,49823385.9342,12569229.00,59337.76,57777.43,58557.60,35369.13,36151.92,35760.52,11618338.80,313517.31,337846.77,11594009.34
12-01-2026,243313310.00,86874042.00,400217980167229.38,850941765775.95,788293610.00,65992713098.48,61042416.6122,16329792.00,64787.50,63820.38,64303.94,35622.87,38059.06,36840.96,11594009.34,295106.83,389727.07,11499389.11
13-01-2026,484008447.00,138472700.00,803995340203910.75,926828374438.00,1265678870.00,106193881663.20,61645482.3958,22523791.00,62139.07,61158.93,61649.00,34720.10,33228.75,33974.43,11499389.11,331441.15,280288.05,11550542.21
14-01-2026,78761354.00,39936821.00,124810295333776.69,473501890656.95,10892088190.00,910266530837.99,64804423.2051,97921048.00,46348.04,46028.45,46188.24,37479.48,38089.62,37784.55,11550541.76,354616.74,333561.69,11571596.81
16-01-2026,165369768.00,66660032.00,268448176812593.12,751634587186.85,583140840.00,49047579221.05,51968421.2651,12853786.00,65109.44,64535.84,64822.64,40957.21,40028.22,40492.71,11568184.35,403476.36,370318.89,11601341.82
19-01-2026,203845503.00,74086664.00,330287000164751.81,713787770356.10,621706800.00,51961645525.27,49502713.6539,12517159.00,60616.17,59158.84,59887.50,39538.52,37664.50,38601.51,11600822.86,389931.54,312094.44,11678659.97
20-01-2026,419426890.00,118327042.00,684539231932115.25,827593435782.75,724905790.00,60341495751.85,51171010.6842,13809949.00,68759.76,67971.38,68365.57,43291.16,41647.36,42469.26,11678490.60,414769.09,397439.07,11695820.62
21-01-2026,128725760.00,66898397.00,200910401928962.56,827872452491.70,3934415160.00,322718689050.59,58914530.9412,61558954.00,80064.68,81310.63,80687.65,44760.13,44731.49,44745.81,11695820.56,385932.24,425475.33,11656277.46
22-01-2026,114009721.00,57060438.00,178038193301703.69,636113678257.60,11304749730.00,929884031728.77,64665493.1966,120313030.00,71335.31,71619.30,71477.30,44626.73,44719.01,44672.87,11656277.18,373287.33,356918.90,11672645.61
23-01-2026,185140055.00,79476844.00,294714522182001.50,887752342950.25,544986180.00,44910644393.52,51594133.8497,12059229.00,,,,41658.36,39941.05,40799.71,11664161.15,398953.50,379770.76,11683343.89
27-01-2026,501952377.00,165212200.00,822142605722205.50,1202445040173.85,726990800.00,59582338761.13,54224138.8846,16315255.00,117797.19,120961.65,119379.42,40199.51,42494.37,41346.94,11683342.79,366473.87,449177.27,11600639.39
28-01-2026,56373240.00,31006484.00,87892005528745.25,573275407442.75,3213547480.00,264109587545.00,61678230.0446,45681724.00,58530.54,57722.30,58126.42,48461.45,50384.15,49422.80,11600639.35,464989.70,494542.94,11571086.11
29-01-2026,53861094.00,29536000.00,84203679962963.75,496813091878.75,10527659280.00,864374090195.95,71247126.3446,104678276.00,54013.47,51988.66,53001.07,55117.01,53415.78,54266.40,11571085.85,576232.46,423658.75,11723659.55
30-01-2026,85605219.00,42031107.00,136177852309304.25,756126511209.25,342026420.00,28320727175.51,47635280.2251,8648289.00,64163.63,63392.87,63778.25,60457.42,59188.59,59823.00,11723657.22,564202.38,518929.73,11768929.86
02-02-2026,229372608.00,85729400.00,366343115351132.62,1030643672422.65,631034050.00,51446807558.71,55743003.1617,14822608.00,71400.41,73140.85,72270.63,41855.11,43458.25,42656.68,11790155.17,264418.48,466802.20,11587771.45
03-02-2026,426546106.00,139532997.00,706390507204699.62,1307334536507.15,759584400.00,63784182092.22,50324133.2942,16463008.00,88571.96,95945.52,92258.74,51543.81,55941.13,53742.47,11583114.47,535050.78,647026.05,11471139.20
04-02-2026,66273445.00,33896897.00,103139074773463.16,508781665633.15,2609813140.00,218722513558.02,52852225.4692,37281153.00,50419.88,50744.85,50582.36,48755.55,47966.34,48360.94,11471138.25,510513.10,460499.57,11521151.79
05-02-2026,59738153.00,30048478.00,93803392206312.20,404722824147.20,9213723740.00,768752223762.41,64262337.0459,84209875.00,41510.29,38098.83,39804.56,41214.63,39221.53,40218.08,11512668.89,386104.07,339601.69,11559171.27
06-02-2026,133343469.00,55233291.00,215414150485040.66,693458943453.15,452469970.00,37827251757.15,51059992.5511,10143471.00,56986.35,55913.38,56449.86,37897.27,38547.95,38222.61,11567276.57,298041.88,335423.66,11529894.80
09-02-2026,136842020.00,51029359.00,222235502403143.81,550170715783.80,393539845.00,33073179354.27,56252017.5793,7913908.00,48899.10,51642.23,50270.67,41946.40,45965.70,43956.05,11526473.19,442050.47,488466.05,11480057.62
10-02-2026,359428384.00,96022013.00,598398932003654.25,664344782704.15,502777500.00,42344868406.55,55772827.4968,9522600.00,52227.27,53758.74,52993.00,43152.02,44318.53,43735.27,11480053.12,467367.89,442214.36,11505206.65
11-02-2026,62955334.00,30940567.00,97782293639336.95,404556245391.95,2162800200.00,182316217900.61,57282099.7876,26812729.00,43412.53,43860.88,43636.71,42008.86,42041.49,42025.18,11505206.54,426016.96,386696.91,11544526.59
12-02-2026,63214462.00,31291695.00,97481893367630.75,372478977238.25,9080939620.00,761385329531.93,64530190.0901,74953943.00,42748.79,42122.10,42435.44,42137.77,41932.86,42035.32,11544526.59,428470.56,350679.51,11622317.64
13-02-2026,118034988.00,50773103.00,186737762550620.91,606293669690.90,386157390.00,32136468960.48,49616509.9356,8529528.00,57375.15,54425.97,55900.56,43954.57,41412.59,42683.58,11622312.73,390257.07,330501.24,11682068.57
16-02-2026,167949014.00,63566982.00,271591080900134.44,669552440926.95,453177850.00,37686075542.13,52363465.0940,9617685.00,52655.88,54227.86,53441.87,33586.51,35114.20,34350.35,11682068.57,261858.99,328380.64,11615546.91
18-02-2026,74946166.00,37725989.00,116644162548465.81,454283314060.80,2425922310.00,202567383297.25,56276929.2665,32827139.00,50605.65,51090.32,50847.99,37414.60,38276.97,37845.79,11593462.87,318283.23,337412.01,11574334.09
19-02-2026,90463770.00,46453670.00,141955455110411.84,507039648744.35,10445976250.00,868529360769.87,63459552.1351,99984515.00,62971.57,60501.41,61736.49,37654.59,35521.61,36588.10,11574333.97,379588.81,289996.91,11663925.87
20-02-2026,150075510.00,68896007.00,241371010069320.69,854593002730.70,473394750.00,39348485646.75,47467897.6874,10669563.00,80006.73,84295.30,82151.01,32403.77,34711.71,33557.74,11663925.73,231623.34,304165.22,11591383.84
23-02-2026,189078381.00,75938117.00,308493078449693.94,829668261801.45,432840510.00,36071312391.73,51369808.0306,9596810.00,83686.42,84765.57,84225.99,35931.99,36997.20,36464.60,11591264.44,303074.57,333269.15,11561069.86
24-02-2026,470540426.00,147823765.00,786335216743532.25,1020210066912.30,575033160.00,47586865895.94,54926952.9949,11866392.00,101834.32,98449.32,100141.82,35212.31,35370.12,35291.21,11561069.28,339298.20,313813.19,11586554.28
25-02-2026,75446085.00,36719317.00,120984633413517.84,550060681600.35,2840716320.00,234465244483.68,62043885.3835,38898579.00,53136.26,54190.45,53663.35,37418.59,39809.41,38614.00,11586551.45,323918.63,395113.24,11515356.83
26-02-2026,75968370.00,35603112.00,122450002060169.05,473270862891.55,10871155170.00,892226031176.51,74823235.9673,101560879.00,45866.49,45006.63,45436.56,,,,11515356.70,309377.41,340304.92,11484429.19
27-02-2026,143275193.00,56107390.00,233159247465831.81,731069948481.80,411691570.00,33744718463.84,50220118.3144,8848507.00,,,,,,,,,,
